Dataset,Metric,RelativeGain
Warc,AP,0.8620978375696824
Warc,AUC,0.12919386793984902
Warc,LAG,0.768510556988631
Drone,AP,2.1372784698942873
Drone,AUC,0.6481280236472925
Drone,LAG,1.0
Easyclinic,AP,0.5700407091487495
Easyclinic,AUC,0.31880312447791825
Easyclinic,LAG,1.0
Traincontroller,AP,1.6462053919618307
Traincontroller,AUC,0.8833800390661146
Traincontroller,LAG,1.0
Ebt,AP,0.3157458564286548
Ebt,AUC,0.43161506132601424
Ebt,LAG,1.0
