dataset,metric,relative_gain
WARC,ap,0.8620978375696824
WARC,auc,0.12919386793984902
WARC,lag,0.768510556988631
Drone,ap,2.1372784698942873
Drone,auc,0.6481280236472925
Drone,lag,1.0
EasyClinic,ap,0.5700407091487495
EasyClinic,auc,0.31880312447791825
EasyClinic,lag,1.0
TrainController,ap,1.6462053919618307
TrainController,auc,0.8833800390661146
TrainController,lag,1.0
EBT,ap,0.3157458564286548
EBT,auc,0.43161506132601424
EBT,lag,1.0
